{"cameraMode":{"drawMode":0,"name":"Shaded","section":"Shading Mode"},"sceneLighting":false,"audioPlay":false,"sceneViewState":{"showFog":true,"showMaterialUpdate":true,"showSkybox":false,"showFlares":true,"showImageEffects":true,"showParticleSystems":true},"in2DMode":false,"pivot":{"x":0.22984981536865235,"y":3.3180770874023439,"z":0.3025197982788086},"rotation":{"x":0.185564324259758,"y":0.4360538721084595,"z":-0.09239920228719711,"w":0.8757199048995972},"size":22.0,"orthographic":false}