{"cameraMode":{"drawMode":0,"name":"Shaded","section":"Shading Mode"},"sceneLighting":true,"audioPlay":false,"sceneViewState":{"showFog":true,"showMaterialUpdate":true,"showSkybox":true,"showFlares":true,"showImageEffects":true,"showParticleSystems":true},"in2DMode":false,"pivot":{"x":56.37104797363281,"y":76.5072021484375,"z":167.41310119628907},"rotation":{"x":0.27808499336242678,"y":0.3257533609867096,"z":-0.10087757557630539,"w":0.8979851603507996},"size":379.62445068359377,"orthographic":false}