{"cameraMode":{"drawMode":0,"name":"Shaded","section":"Shading Mode"},"sceneLighting":true,"audioPlay":false,"sceneViewState":{"showFog":true,"showMaterialUpdate":true,"showSkybox":true,"showFlares":true,"showImageEffects":true,"showParticleSystems":true},"in2DMode":false,"pivot":{"x":77.04701232910156,"y":38.92335510253906,"z":-29.62193489074707},"rotation":{"x":0.3420729637145996,"y":0.21163234114646913,"z":-0.07937143743038178,"w":0.9120844602584839},"size":8.553413391113282,"orthographic":false}